"RK",TIERS,"PLAYER NAME",TEAM,"POS","BYE WEEK","SOS SEASON","ECR VS. ADP","AVG. DIFF ","% OVER "
"1",1,"Ja'Marr Chase",CIN,"WR1","10","3 out of 5 stars","0","+4.1","56% (9/16)"
"2",1,"Bijan Robinson",ATL,"RB1","5","4 out of 5 stars","0","+0.7","56% (9/16)"
"3",1,"Jahmyr Gibbs",DET,"RB2","8","2 out of 5 stars","+1","+2.9","68% (11/16)"
"4",1,"Saquon Barkley",PHI,"RB3","9","3 out of 5 stars","-1","+3.8","50% (8/16)"
"5",1,"CeeDee Lamb",DAL,"WR2","10","2 out of 5 stars","0","-0.4","46% (7/15)"
"6",1,"Justin Jefferson",MIN,"WR3","6","2 out of 5 stars","0","+0.7","50% (8/16)"
"7",2,"Malik Nabers",NYG,"WR4","14","2 out of 5 stars","+5","+1.8","42% (6/14)"
"8",2,"Nico Collins",HOU,"WR5","6","4 out of 5 stars","+3","+0.9","63% (7/11)"
"9",2,"Christian McCaffrey",SF,"RB4","14","3 out of 5 stars","-2","-8.2","0% (0/4)"
"10",2,"Amon-Ra St. Brown",DET,"WR6","8","3 out of 5 stars","-1","+1.0","62% (10/16)"
"11",2,"Derrick Henry",BAL,"RB5","7","4 out of 5 stars","-3","+2.8","56% (9/16)"
"12",2,"Puka Nacua",LAR,"WR7","8","3 out of 5 stars","+1","+1.4","54% (6/11)"
"13",2,"Ashton Jeanty",LV,"RB6","8","2 out of 5 stars","-3","-","-"
"14",2,"Brian Thomas Jr.",JAC,"WR8","8","4 out of 5 stars","+1","+3.7","75% (12/16)"
"15",2,"Drake London",ATL,"WR9","5","3 out of 5 stars","+2","-0.3","56% (9/16)"
"16",3,"De'Von Achane",MIA,"RB7","12","4 out of 5 stars","0","-0.2","50% (8/16)"
"17",3,"A.J. Brown",PHI,"WR10","9","3 out of 5 stars","+6","+0.8","53% (7/13)"
"18",3,"Brock Bowers",LV,"TE1","8","2 out of 5 stars","+2","+1.4","56% (9/16)"
"19",3,"Jonathan Taylor",IND,"RB8","11","2 out of 5 stars","-1","+1.3","46% (6/13)"
"20",3,"Josh Jacobs",GB,"RB9","5","4 out of 5 stars","-6","+1.9","50% (8/16)"
"21",3,"Bucky Irving",TB,"RB10","9","3 out of 5 stars","-2","+2.8","75% (12/16)"
"22",3,"Chase Brown",CIN,"RB11","10","4 out of 5 stars","-1","+2.3","62% (10/16)"
"23",3,"Ladd McConkey",LAC,"WR11","12","3 out of 5 stars","+3","+2.0","53% (8/15)"
"24",3,"Trey McBride",ARI,"TE2","8","5 out of 5 stars","+3","+1.3","53% (8/15)"
"25",3,"Josh Allen",BUF,"QB1","7","4 out of 5 stars","-3","+2.0","56% (9/16)"
"26",3,"Kyren Williams",LAR,"RB12","8","3 out of 5 stars","-1","-0.1","43% (7/16)"
"27",3,"Lamar Jackson",BAL,"QB2","7","3 out of 5 stars","-3","+3.6","75% (12/16)"
"28",4,"Tee Higgins",CIN,"WR12","10","3 out of 5 stars","+4","+4.0","63% (7/11)"
"29",4,"Jaxon Smith-Njigba",SEA,"WR13","8","3 out of 5 stars","+4","+1.6","50% (8/16)"
"30",4,"George Kittle",SF,"TE3","14","3 out of 5 stars","+4","+2.9","78% (11/14)"
"31",4,"Tyreek Hill",MIA,"WR14","12","3 out of 5 stars","0","-2.1","31% (5/16)"
"32",4,"Mike Evans",TB,"WR15","9","3 out of 5 stars","+9","+1.5","46% (6/13)"
"33",4,"Jayden Daniels",WAS,"QB3","12","2 out of 5 stars","-4","+2.0","56% (9/16)"
"34",4,"Garrett Wilson",NYJ,"WR16","9","4 out of 5 stars","+8","+0.1","43% (7/16)"
"35",4,"James Cook",BUF,"RB13","7","4 out of 5 stars","-7","+2.1","60% (9/15)"
"36",4,"Davante Adams",LAR,"WR17","8","3 out of 5 stars","+9","+1.3","46% (6/13)"
"37",4,"Omarion Hampton",LAC,"RB14","12","2 out of 5 stars","-7","-","-"
"38",4,"Jalen Hurts",PHI,"QB4","9","3 out of 5 stars","-3","0.0","53% (8/15)"
"39",4,"Kenneth Walker III",SEA,"RB15","8","3 out of 5 stars","+1","+0.2","36% (4/11)"
"40",4,"Marvin Harrison Jr.",ARI,"WR18","8","4 out of 5 stars","-1","-1.6","37% (6/16)"
"41",4,"Terry McLaurin",WAS,"WR19","12","3 out of 5 stars","+2","+1.8","75% (12/16)"
"42",4,"Alvin Kamara",NO,"RB16","11","4 out of 5 stars","-5","-0.1","35% (5/14)"
"43",4,"Breece Hall",NYJ,"RB17","9","5 out of 5 stars","-7","-2.6","26% (4/15)"
"44",5,"DJ Moore",CHI,"WR20","5","2 out of 5 stars","+5","-0.2","31% (5/16)"
"45",5,"Courtland Sutton",DEN,"WR21","12","3 out of 5 stars","+6","+1.1","62% (10/16)"
"46",5,"DK Metcalf",PIT,"WR22","5","4 out of 5 stars","+2","-1.7","28% (4/14)"
"47",5,"Joe Burrow",CIN,"QB5","10","2 out of 5 stars","-9","+3.9","68% (11/16)"
"48",5,"TreVeyon Henderson",NE,"RB18","14","4 out of 5 stars","-1","-","-"
"49",5,"Chuba Hubbard",CAR,"RB19","14","3 out of 5 stars","-5","+2.1","53% (8/15)"
"50",5,"James Conner",ARI,"RB20","8","3 out of 5 stars","-4","+0.4","62% (10/16)"
"51",5,"DeVonta Smith",PHI,"WR23","9","3 out of 5 stars","+4","+1.7","53% (7/13)"
"52",5,"Tetairoa McMillan",CAR,"WR24","14","4 out of 5 stars","+9","-","-"
"53",5,"Jameson Williams",DET,"WR25","8","3 out of 5 stars","+9","+2.6","60% (9/15)"
"54",5,"Xavier Worthy",KC,"WR26","10","3 out of 5 stars","+2","+0.7","50% (8/16)"
"55",5,"Calvin Ridley",TEN,"WR27","10","4 out of 5 stars","+13","-0.4","37% (6/16)"
"56",5,"George Pickens",DAL,"WR28","10","2 out of 5 stars","+4","-1.2","30% (4/13)"
"57",5,"Tony Pollard",TEN,"RB21","10","2 out of 5 stars","0","-1.5","40% (6/15)"
"58",5,"D'Andre Swift",CHI,"RB22","5","3 out of 5 stars","+1","-1.3","31% (5/16)"
"59",5,"Zay Flowers",BAL,"WR29","7","3 out of 5 stars","+5","-1.4","37% (6/16)"
"60",5,"RJ Harvey",DEN,"RB23","12","2 out of 5 stars","-8","-","-"
"61",5,"Jaylen Waddle",MIA,"WR30","12","3 out of 5 stars","+9","-1.3","21% (3/14)"
"62",5,"David Montgomery",DET,"RB24","8","2 out of 5 stars","-8","+1.9","71% (10/14)"
"63",5,"Isiah Pacheco",KC,"RB25","10","2 out of 5 stars","-5","-3.7","14% (1/7)"
"64",5,"Sam LaPorta",DET,"TE4","8","3 out of 5 stars","-11","+0.3","46% (7/15)"
"65",6,"Aaron Jones Sr.",MIN,"RB26","6","3 out of 5 stars","+2","-0.7","43% (7/16)"
"66",6,"Patrick Mahomes II",KC,"QB6","10","3 out of 5 stars","-16","+0.1","37% (6/16)"
"67",6,"Travis Hunter",JAC,"WR31","8","4 out of 5 stars","+5","-","-"
"68",6,"T.J. Hockenson",MIN,"TE5","6","3 out of 5 stars","-3","-1.3","33% (3/9)"
"69",6,"Chris Olave",NO,"WR32","11","4 out of 5 stars","+8","-3.5","30% (3/10)"
"70",6,"Baker Mayfield",TB,"QB7","9","2 out of 5 stars","-1","+5.0","81% (13/16)"
"71",6,"Rome Odunze",CHI,"WR33","5","2 out of 5 stars","+7","-0.9","25% (4/16)"
"72",6,"Rashee Rice",KC,"WR34","10","3 out of 5 stars","-6","-0.7","75% (3/4)"
"73",6,"Tyrone Tracy Jr.",NYG,"RB27","14","3 out of 5 stars","+2","+0.1","50% (8/16)"
"74",6,"Bo Nix",DEN,"QB8","12","4 out of 5 stars","-3","+2.0","62% (10/16)"
"75",6,"Jerry Jeudy",CLE,"WR35","9","2 out of 5 stars","+1","+2.5","68% (11/16)"
"76",6,"Ricky Pearsall",SF,"WR36","14","4 out of 5 stars","+5","+1.0","40% (4/10)"
"77",6,"Emeka Egbuka",TB,"WR37","9","3 out of 5 stars","+6","-","-"
"78",6,"Kaleb Johnson",PIT,"RB28","5","4 out of 5 stars","-5","-","-"
"79",6,"Jaylen Warren",PIT,"RB29","5","4 out of 5 stars","+1","-1.0","35% (5/14)"
"80",6,"Travis Kelce",KC,"TE6","10","3 out of 5 stars","-17","-1.9","37% (6/16)"
"81",6,"Mark Andrews",BAL,"TE7","7","3 out of 5 stars","-7","+1.8","62% (10/16)"
"82",6,"Kyler Murray",ARI,"QB9","8","4 out of 5 stars","+9","-1.1","50% (8/16)"
"83",6,"Stefon Diggs",NE,"WR38","14","3 out of 5 stars","+4","+0.2","50% (4/8)"
"84",6,"Dak Prescott",DAL,"QB10","10","2 out of 5 stars","+9","-1.6","25% (2/8)"
"85",6,"Jakobi Meyers",LV,"WR39","8","4 out of 5 stars","+3","+1.1","50% (7/14)"
"86",6,"David Njoku",CLE,"TE8","9","3 out of 5 stars","0","+1.9","54% (6/11)"
"87",6,"Jordan Mason",MIN,"RB30","6","3 out of 5 stars","-2","-1.6","33% (4/12)"
"88",6,"Travis Etienne Jr.",JAC,"RB31","8","2 out of 5 stars","+2","-3.6","14% (2/14)"
"89",6,"Deebo Samuel Sr.",WAS,"WR40","12","3 out of 5 stars","-5","-3.9","20% (3/15)"
"90",7,"Evan Engram",DEN,"TE9","12","3 out of 5 stars","-8","-1.8","22% (2/9)"
"91",7,"Jordan Addison",MIN,"WR41","6","2 out of 5 stars","-2","+3.5","50% (7/14)"
"92",7,"Zach Charbonnet",SEA,"RB32","8","3 out of 5 stars","+6","+1.0","43% (7/16)"
"93",7,"Brock Purdy",SF,"QB11","14","4 out of 5 stars","+2","+0.6","53% (8/15)"
"94",7,"Justin Fields",NYJ,"QB12","9","5 out of 5 stars","+18","+0.9","46% (6/13)"
"95",7,"Jauan Jennings",SF,"WR42","14","4 out of 5 stars","+9","+2.4","42% (6/14)"
"96",7,"Matthew Golden",GB,"WR43","5","2 out of 5 stars","-2","-","-"
"97",7,"Javonte Williams",DAL,"RB33","10","2 out of 5 stars","+14","-2.1","25% (4/16)"
"98",7,"Tucker Kraft",GB,"TE10","5","2 out of 5 stars","+1","+1.6","56% (9/16)"
"99",7,"Justin Herbert",LAC,"QB13","12","3 out of 5 stars","+10","+0.2","50% (8/16)"
"100",7,"Tyler Warren",IND,"TE11","11","3 out of 5 stars","-4","-","-"
"101",7,"Caleb Williams",CHI,"QB14","5","2 out of 5 stars","+12","-0.3","43% (7/16)"
"102",7,"Drake Maye",NE,"QB15","14","5 out of 5 stars","+16","+1.4","58% (7/12)"
"103",7,"Khalil Shakir",BUF,"WR44","7","3 out of 5 stars","+4","-0.2","53% (8/15)"
"104",7,"J.K. Dobbins",DEN,"RB34","12","2 out of 5 stars","-7","+1.0","50% (6/12)"
"105",7,"Jayden Reed",GB,"WR45","5","2 out of 5 stars","+5","-0.3","37% (6/16)"
"106",7,"Jacory Croskey-Merritt",WAS,"RB35","12","2 out of 5 stars","0","-","-"
"107",7,"Josh Downs",IND,"WR46","11","4 out of 5 stars","+16","+1.2","46% (6/13)"
"108",7,"Jared Goff",DET,"QB16","8","2 out of 5 stars","-7","+4.0","56% (9/16)"
"109",7,"Michael Pittman Jr.",IND,"WR47","11","4 out of 5 stars","+12","-1.5","40% (6/15)"
"110",7,"Tank Bigsby",JAC,"RB36","8","2 out of 5 stars","-2","+0.6","40% (6/15)"
"111",7,"Rhamondre Stevenson",NE,"RB37","14","4 out of 5 stars","+4","-1.1","40% (6/15)"
"112",7,"Cooper Kupp",SEA,"WR48","8","3 out of 5 stars","-12","-1.1","50% (6/12)"
"113",7,"Chris Godwin Jr.",TB,"WR49","9","3 out of 5 stars","-10","+3.5","57% (4/7)"
"114",7,"Jordan Love",GB,"QB17","5","2 out of 5 stars","+19","+0.1","42% (6/14)"
"115",7,"Austin Ekeler",WAS,"RB38","12","2 out of 5 stars","+4","-0.1","54% (6/11)"
"116",7,"Trevor Lawrence",JAC,"QB18","8","3 out of 5 stars","+35","-0.8","40% (4/10)"
"117",7,"Cam Skattebo",NYG,"RB39","14","3 out of 5 stars","-12","-","-"
"118",7,"Jake Ferguson",DAL,"TE12","10","2 out of 5 stars","+8","-2.6","30% (4/13)"
"119",7,"C.J. Stroud",HOU,"QB19","6","3 out of 5 stars","+9","-3.0","25% (4/16)"
"120",7,"J.J. McCarthy",MIN,"QB20","6","2 out of 5 stars","+14","-","-"
"121",8,"Keon Coleman",BUF,"WR50","7","3 out of 5 stars","+8","-0.6","46% (6/13)"
"122",8,"Dalton Kincaid",BUF,"TE13","7","3 out of 5 stars","+3","-2.4","23% (3/13)"
"123",8,"Darnell Mooney",ATL,"WR51","5","3 out of 5 stars","+29","+0.6","50% (8/16)"
"124",8,"Braelon Allen",NYJ,"RB40","9","5 out of 5 stars","-10","-1.0","18% (3/16)"
"125",8,"Dallas Goedert",PHI,"TE14","9","3 out of 5 stars","+11","-0.1","44% (4/9)"
"126",8,"Colston Loveland",CHI,"TE15","5","4 out of 5 stars","-10","-","-"
"127",8,"Rashid Shaheed",NO,"WR52","11","4 out of 5 stars","+16","+2.2","66% (4/6)"
"128",8,"Rachaad White",TB,"RB41","9","3 out of 5 stars","+17","+0.7","46% (7/15)"
"129",8,"Joe Mixon",HOU,"RB42","6","2 out of 5 stars","-50","+0.4","46% (6/13)"
"130",8,"Trey Benson",ARI,"RB43","8","3 out of 5 stars","+14","-0.7","28% (4/14)"
"131",8,"Brandon Aiyuk",SF,"WR53","14","4 out of 5 stars","+9","-4.9","14% (1/7)"
"132",8,"Najee Harris",LAC,"RB44","12","2 out of 5 stars","-8","-1.1","37% (6/16)"
"133",8,"Brian Robinson Jr.",SF,"RB45","14","3 out of 5 stars","-41","-0.6","53% (7/13)"
"134",8,"Christian Kirk",HOU,"WR54","6","4 out of 5 stars","+29","-2.1","37% (3/8)"
"135",8,"Quinshon Judkins",CLE,"RB46","9","4 out of 5 stars","-33","-","-"
"136",8,"Ray Davis",BUF,"RB47","7","4 out of 5 stars","+17","+1.5","43% (7/16)"
"137",8,"Tyjae Spears",TEN,"RB48","10","2 out of 5 stars","+12","+0.6","41% (5/12)"
"138",8,"Jaydon Blue",DAL,"RB49","10","2 out of 5 stars","-7","-","-"
"139",8,"Kyle Pitts Sr.",ATL,"TE16","5","3 out of 5 stars","-9","-1.1","37% (6/16)"
"140",8,"Rashod Bateman",BAL,"WR55","7","3 out of 5 stars","+36","+1.7","50% (8/16)"
"141",8,"Nick Chubb",HOU,"RB50","6","2 out of 5 stars","-21","-2.0","37% (3/8)"
"142",8,"Tua Tagovailoa",MIA,"QB21","12","5 out of 5 stars","+22","+1.0","54% (6/11)"
"143",8,"Tyler Allgeier",ATL,"RB51","5","4 out of 5 stars","+22","-0.4","31% (5/16)"
"144",8,"Bhayshul Tuten",JAC,"RB52","8","2 out of 5 stars","-5","-","-"
"145",8,"Marvin Mims Jr.",DEN,"WR56","12","3 out of 5 stars","+3","+2.0","50% (8/16)"
"146",8,"Hunter Henry",NE,"TE17","14","3 out of 5 stars","+10","-0.6","43% (7/16)"
"147",8,"Luther Burden III",CHI,"WR57","5","2 out of 5 stars","+3","-","-"
"148",8,"Cedric Tillman",CLE,"WR58","9","2 out of 5 stars","+63","+1.0","27% (3/11)"
"149",8,"Bryce Young",CAR,"QB22","14","3 out of 5 stars","+24","+1.5","50% (6/12)"
"150",8,"Dylan Sampson",CLE,"RB53","9","4 out of 5 stars","+7","-","-"
"151",8,"Jerome Ford",CLE,"RB54","9","4 out of 5 stars","-5","-1.0","42% (6/14)"
"152",8,"Michael Penix Jr.",ATL,"QB23","5","4 out of 5 stars","+8","-0.9","18% (2/11)"
"153",8,"Jayden Higgins",HOU,"WR59","6","4 out of 5 stars","-11","-","-"
"154",8,"Zach Ertz",WAS,"TE18","12","3 out of 5 stars","+5","+1.4","56% (9/16)"
"155",8,"Geno Smith",LV,"QB24","8","3 out of 5 stars","+24","-0.8","43% (7/16)"
"156",8,"Matthew Stafford",LAR,"QB25","8","3 out of 5 stars","+14","-1.5","31% (5/16)"
"157",8,"Jonnu Smith",PIT,"TE19","5","3 out of 5 stars","-22","+3.5","62% (10/16)"
"158",8,"Romeo Doubs",GB,"WR60","5","2 out of 5 stars","+70","+0.4","38% (5/13)"
"159",9,"Keenan Allen",LAC,"WR61","12","3 out of 5 stars","-18","+1.4","35% (5/14)"
"160",9,"Marquise Brown",KC,"WR62","10","3 out of 5 stars","+8","+1.7","50% (1/2)"
"161",9,"Wan'Dale Robinson",NYG,"WR63","14","2 out of 5 stars","+58","-0.3","43% (7/16)"
"162",9,"Rico Dowdle",CAR,"RB55","14","3 out of 5 stars","-1","0.0","37% (6/16)"
"163",9,"DeMario Douglas",NE,"WR64","14","3 out of 5 stars","+55","-0.6","37% (6/16)"
"164",9,"Adam Thielen",MIN,"WR65","6","2 out of 5 stars","+8","+3.3","55% (5/9)"
"165",9,"Kyle Williams",NE,"WR66","14","3 out of 5 stars","+18","-","-"
"166",9,"Brenton Strange",JAC,"TE20","8","3 out of 5 stars","+21","-","-"
"167",9,"Joshua Palmer",BUF,"WR67","7","3 out of 5 stars","-1","-1.2","26% (4/15)"
"168",9,"Cam Ward",TEN,"QB26","10","2 out of 5 stars","-14","-","-"
"169",9,"Tre' Harris",LAC,"WR68","12","3 out of 5 stars","0","-","-"
"170",9,"Xavier Legette",CAR,"WR69","14","4 out of 5 stars","+44","-1.0","40% (6/15)"
"171",9,"Isaac Guerendo",SF,"RB56","14","3 out of 5 stars","+9","+1.7","33% (5/15)"
"172",9,"Sam Darnold",SEA,"QB27","8","4 out of 5 stars","+5","+2.4","75% (12/16)"
"173",9,"Ollie Gordon II",MIA,"RB57","12","4 out of 5 stars","-18","-","-"
"174",9,"Jaylen Wright",MIA,"RB58","12","4 out of 5 stars","+15","-0.9","26% (4/15)"
"175",9,"Roschon Johnson",CHI,"RB59","5","3 out of 5 stars","+64","+0.3","42% (6/14)"
"176",9,"Chig Okonkwo",TEN,"TE21","10","3 out of 5 stars","+6","+0.7","43% (7/16)"
"177",9,"Denver Broncos",DEN,"DST1","12","4 out of 5 stars","-55","+1.6","50% (8/16)"
"178",9,"Quentin Johnston",LAC,"WR70","12","3 out of 5 stars","+95","+0.5","50% (7/14)"
"179",9,"Woody Marks",HOU,"RB60","6","2 out of 5 stars","+30","-","-"
"180",9,"Isaiah Likely",BAL,"TE22","7","3 out of 5 stars","+11","+0.7","46% (7/15)"
"181",9,"Blake Corum",LAR,"RB61","8","3 out of 5 stars","+11","-1.3","31% (5/16)"
"182",9,"Jalen Coker",CAR,"WR71","14","4 out of 5 stars","+75","+1.9","44% (4/9)"
"183",9,"Philadelphia Eagles",PHI,"DST2","9","2 out of 5 stars","-56","-0.1","56% (9/16)"
"184",9,"Cade Otton",TB,"TE23","9","3 out of 5 stars","+4","+0.3","50% (7/14)"
"185",9,"Pittsburgh Steelers",PIT,"DST3","5","3 out of 5 stars","-48","+0.1","50% (8/16)"
"186",9,"Baltimore Ravens",BAL,"DST4","7","3 out of 5 stars","-39","-1.2","25% (4/16)"
"187",9,"Mike Gesicki",CIN,"TE24","10","2 out of 5 stars","+16","+0.3","37% (6/16)"
"188",9,"Minnesota Vikings",MIN,"DST5","6","2 out of 5 stars","-30","+0.8","50% (8/16)"
"189",9,"Pat Freiermuth",PIT,"TE25","5","3 out of 5 stars","+10","+0.9","50% (8/16)"
"190",9,"DeAndre Hopkins",BAL,"WR72","7","3 out of 5 stars","-15","-1.0","31% (5/16)"
"191",9,"Houston Texans",HOU,"DST6","6","2 out of 5 stars","-20","+0.1","37% (6/16)"
"192",9,"Kyle Monangai",CHI,"RB62","5","3 out of 5 stars","+20","-","-"
"193",9,"Chris Rodriguez Jr.",WAS,"RB63","12","2 out of 5 stars","+54","+2.5","42% (3/7)"
"194",9,"Will Shipley",PHI,"RB64","9","3 out of 5 stars","+21","-0.1","11% (1/9)"
"195",9,"Buffalo Bills",BUF,"DST7","7","5 out of 5 stars","-1","-0.3","37% (6/16)"
"196",9,"Kansas City Chiefs",KC,"DST8","10","1 out of 5 stars","-18","-0.8","31% (5/16)"
"197",10,"Detroit Lions",DET,"DST9","8","1 out of 5 stars","-11","-0.4","37% (6/16)"
"198",10,"Mason Taylor",NYJ,"TE26","9","3 out of 5 stars","-1","-","-"
"199",10,"Brandon Aubrey",DAL,"K1","10","4 out of 5 stars","-82","+3.5","75% (12/16)"
"200",10,"Alec Pierce",IND,"WR73","11","4 out of 5 stars","+48","+3.1","53% (8/15)"
"201",10,"DJ Giddens",IND,"RB65","11","2 out of 5 stars","+29","-","-"
"202",10,"Aaron Rodgers",PIT,"QB28","5","4 out of 5 stars","-28","-0.3","50% (8/16)"
"203",10,"Cameron Dicker",LAC,"K2","12","5 out of 5 stars","-71","+2.6","68% (11/16)"
"204",10,"Jake Bates",DET,"K3","8","1 out of 5 stars","-66","+0.9","62% (10/16)"
"205",10,"Los Angeles Rams",LAR,"DST10","8","3 out of 5 stars","+18","+0.1","37% (6/16)"
"206",10,"Daniel Jones",IND,"QB29","11","3 out of 5 stars","+49","-1.8","40% (4/10)"
"207",10,"Seattle Seahawks",SEA,"DST11","8","3 out of 5 stars","+13","+0.6","37% (6/16)"
"208",10,"Justice Hill",BAL,"RB66","7","4 out of 5 stars","+16","+1.7","53% (8/15)"
"209",10,"Dameon Pierce",HOU,"RB67","6","2 out of 5 stars","+63","-0.3","20% (2/10)"
"210",10,"Wil Lutz",DEN,"K4","12","5 out of 5 stars","-14","+2.1","50% (8/16)"
"211",10,"Michael Wilson",ARI,"WR74","8","4 out of 5 stars","+70","-0.1","50% (8/16)"
"212",10,"Green Bay Packers",GB,"DST12","5","2 out of 5 stars","+9","-0.6","37% (6/16)"
"213",10,"Kareem Hunt",KC,"RB68","10","2 out of 5 stars","-51","+0.7","53% (7/13)"
"214",10,"Kendre Miller",NO,"RB69","11","4 out of 5 stars","+27","-1.5","28% (2/7)"
"215",10,"Ka'imi Fairbairn",HOU,"K5","6","3 out of 5 stars","-34","+2.4","75% (12/16)"
"216",10,"Chase McLaughlin",TB,"K6","9","3 out of 5 stars","-31","+1.7","56% (9/16)"
"217",10,"Pat Bryant",DEN,"WR75","12","3 out of 5 stars","+18","-","-"
"218",10,"Elic Ayomanor",TEN,"WR76","10","4 out of 5 stars","+32","-","-"
"219",10,"Adonai Mitchell",IND,"WR77","11","4 out of 5 stars","+60","-2.5","18% (3/16)"
"220",10,"Los Angeles Chargers",LAC,"DST13","12","5 out of 5 stars","+41","-0.8","43% (7/16)"
"221",10,"Chris Boswell",PIT,"K7","5","1 out of 5 stars","-54","+3.5","62% (10/16)"
"222",10,"Darius Slayton",NYG,"WR78","14","2 out of 5 stars","+47","-0.5","33% (5/15)"
"223",10,"MarShawn Lloyd",GB,"RB70","5","4 out of 5 stars","+57","-0.6","33% (1/3)"
"224",10,"Dalton Schultz",HOU,"TE27","6","3 out of 5 stars","+28","-1.1","31% (5/16)"
"225",10,"Harrison Butker",KC,"K8","10","3 out of 5 stars","-41","+0.1","58% (7/12)"
"226",10,"Keaton Mitchell",BAL,"RB71","7","4 out of 5 stars","-4","-0.9","0% (0/3)"
"227",10,"Jack Bech",LV,"WR79","8","4 out of 5 stars","-1","-","-"
"228",10,"New York Jets",NYJ,"DST14","9","5 out of 5 stars","+1","-3.7","12% (2/16)"
"229",10,"San Francisco 49ers",SF,"DST15","14","5 out of 5 stars","-34","-2.0","25% (4/16)"
"230",10,"Evan McPherson",CIN,"K9","10","1 out of 5 stars","-25","+0.1","50% (6/12)"
"231",10,"Tyler Bass",BUF,"K10","7","2 out of 5 stars","-30","+0.9","50% (8/16)"
"232",10,"Jarquez Hunter",LAR,"RB72","8","3 out of 5 stars","+19","-","-"
"233",10,"Ja'Tavion Sanders",CAR,"TE28","14","4 out of 5 stars","+27","-0.2","46% (7/15)"
"234",10,"Jaylin Noel",HOU,"WR80","6","4 out of 5 stars","+32","-","-"
"235",10,"Andrei Iosivas",CIN,"WR81","10","3 out of 5 stars","+43","+0.5","50% (8/16)"
"236",10,"Juwan Johnson",NO,"TE29","11","3 out of 5 stars","+51","-0.1","50% (8/16)"
"237",10,"Elijah Arroyo",SEA,"TE30","8","4 out of 5 stars","-39","-","-"
"238",10,"Calvin Austin III",PIT,"WR82","5","4 out of 5 stars","+73","+1.6","43% (7/16)"
"239",10,"Russell Wilson",NYG,"QB30","14","1 out of 5 stars","+3","+1.4","50% (5/10)"
"240",10,"Tahj Brooks",CIN,"RB73","10","4 out of 5 stars","-4","-","-"
"241",10,"Anthony Richardson Sr.",IND,"QB31","11","3 out of 5 stars","-1","-1.4","30% (4/13)"
"242",10,"Miles Sanders",DAL,"RB74","10","2 out of 5 stars","+17","-1.5","20% (2/10)"
"243",10,"Tyler Lockett",TEN,"WR83","10","4 out of 5 stars","+28","-2.0","31% (5/16)"
"244",10,"Jake Elliott",PHI,"K11","9","2 out of 5 stars","-38","+0.5","56% (9/16)"
"245",10,"Brashard Smith",KC,"RB75","10","2 out of 5 stars","+1","-","-"
"246",10,"Jalen McMillan",TB,"WR84","9","3 out of 5 stars","+17","+1.6","46% (6/13)"
"247",10,"Dyami Brown",JAC,"WR85","8","4 out of 5 stars","+28","-0.3","40% (6/15)"
"248",10,"Devin Neal",NO,"RB76","11","4 out of 5 stars","+45","-","-"
"249",10,"Dontayvion Wicks",GB,"WR86","5","2 out of 5 stars","+73","-1.1","25% (4/16)"
"250",10,"Sean Tucker",TB,"RB77","9","3 out of 5 stars","+36","+1.9","40% (6/15)"
"251",10,"Tory Horton",SEA,"WR87","8","3 out of 5 stars","+3","-","-"
"252",10,"Jalen Royals",KC,"WR88","10","3 out of 5 stars","+31","-","-"
"253",10,"Dallas Cowboys",DAL,"DST16","10","0 out of 5 stars","-15","-2.1","25% (4/16)"
"254",10,"Younghoe Koo",ATL,"K12","5","4 out of 5 stars","-46","+0.6","53% (8/15)"
"255",10,"Roman Wilson",PIT,"WR89","5","4 out of 5 stars","+22","-","-"
"256",10,"Matt Gay",WAS,"K13","12","3 out of 5 stars","-39","+1.2","73% (11/15)"
"257",10,"Tampa Bay Buccaneers",TB,"DST17","9","3 out of 5 stars","-57","-1.5","31% (5/16)"
"258",11,"Raheem Mostert",LV,"RB78","8","2 out of 5 stars","+10","-1.2","41% (5/12)"
"259",11,"Joe Flacco",CLE,"QB32","9","2 out of 5 stars","-10","-","-"
"260",11,"Tyler Shough",NO,"QB33","11","5 out of 5 stars","-4","-","-"
"261",11,"Dont'e Thornton Jr.",LV,"WR90","8","4 out of 5 stars","-54","-","-"
"262",11,"Spencer Rattler",NO,"QB34","11","5 out of 5 stars","-4","-","-"
"263",11,"Cole Kmet",CHI,"TE31","5","4 out of 5 stars","+41","+0.2","37% (6/16)"
"264",11,"Jaleel McLaughlin",DEN,"RB79","12","2 out of 5 stars","+68","-0.5","40% (6/15)"
"265",11,"Devaughn Vele",NO,"WR91","11","4 out of 5 stars","-","+1.2","50% (6/12)"
"266",11,"Jason Sanders",MIA,"K14","12","2 out of 5 stars","-2","+2.9","75% (12/16)"
"267",11,"Isaac TeSlaa",DET,"WR92","8","3 out of 5 stars","-42","-","-"
"268",11,"Theo Johnson",NYG,"TE32","14","2 out of 5 stars","+16","0.0","41% (5/12)"
"269",11,"Malik Washington",MIA,"WR93","12","3 out of 5 stars","+47","+0.4","45% (5/11)"
"270",11,"Elijah Mitchell",KC,"RB80","10","2 out of 5 stars","+12","-","-"
"271",11,"Harold Fannin Jr.",CLE,"TE33","9","3 out of 5 stars","+18","-","-"
"272",11,"Trevor Etienne",CAR,"RB81","14","3 out of 5 stars","+33","-","-"
"273",11,"Kenneth Gainwell",PIT,"RB82","5","4 out of 5 stars","+40","-0.2","50% (8/16)"
"274",11,"Brandin Cooks",NO,"WR94","11","4 out of 5 stars","+84","-1.0","18% (2/11)"
"275",11,"Ty Johnson",BUF,"RB83","7","4 out of 5 stars","-","+2.5","62% (10/16)"
"276",11,"Devin Singletary",NYG,"RB84","14","3 out of 5 stars","+9","-1.3","35% (5/14)"
"277",11,"Jalen Tolbert",DAL,"WR95","10","2 out of 5 stars","+87","+1.4","56% (9/16)"
"278",11,"Joshua Karty",LAR,"K15","8","2 out of 5 stars","-13","+0.2","56% (9/16)"
"279",11,"Kayshon Boutte",NE,"WR96","14","3 out of 5 stars","+22","+1.2","53% (8/15)"
"280",11,"Elijah Moore",BUF,"WR97","7","3 out of 5 stars","-","-1.0","31% (5/16)"
"281",11,"Noah Gray",KC,"TE34","10","3 out of 5 stars","+44","+2.1","68% (11/16)"
"282",11,"Nick Westbrook-Ikhine",MIA,"WR98","12","3 out of 5 stars","-","+2.5","50% (7/14)"
"283",11,"Antonio Gibson",NE,"RB85","14","4 out of 5 stars","-","-0.9","31% (5/16)"
"284",11,"Jaxson Dart",NYG,"QB35","14","1 out of 5 stars","-47","-","-"
"285",11,"Isaiah Davis",NYJ,"RB86","9","5 out of 5 stars","-","+0.8","50% (4/8)"
"286",11,"Chicago Bears",CHI,"DST18","5","2 out of 5 stars","-42","+0.7","43% (7/16)"
"287",11,"Tre Tucker",LV,"WR99","8","4 out of 5 stars","-20","0.0","31% (5/16)"
"288",11,"Jalen Nailor",MIN,"WR100","6","2 out of 5 stars","+31","+0.9","43% (7/16)"
"289",11,"Darren Waller",MIA,"TE35","12","3 out of 5 stars","-87","-","-"
"290",11,"Jordan James",SF,"RB87","14","3 out of 5 stars","+17","-","-"
"291",11,"Cleveland Browns",CLE,"DST19","9","3 out of 5 stars","-17","-2.1","31% (5/16)"
"292",11,"Amari Cooper",LV,"WR101","8","4 out of 5 stars","-61","-2.3","28% (4/14)"
"293",11,"Parker Washington",JAC,"WR102","8","4 out of 5 stars","-","+0.7","40% (6/15)"
"294",11,"Emanuel Wilson",GB,"RB88","5","4 out of 5 stars","+18","+1.0","43% (7/16)"
"295",11,"Tim Patrick",JAC,"WR103","8","4 out of 5 stars","-","+0.7","53% (8/15)"
"296",11,"Diontae Johnson",FA,"WR104","-","-","+32","-2.5","23% (3/13)"
"297",11,"Daniel Carlson",LV,"K16","8","3 out of 5 stars","-81","+1.5","56% (9/16)"
"298",11,"Chris Brooks",GB,"RB89","5","4 out of 5 stars","-","+0.7","40% (4/10)"
"299",11,"Will Reichard",MIN,"K17","6","0 out of 5 stars","-72","+2.6","66% (8/12)"
"300",11,"Terrance Ferguson",LAR,"TE36","8","4 out of 5 stars","-1","-","-"
"301",11,"Luke McCaffrey",WAS,"WR105","12","3 out of 5 stars","-","-1.8","25% (4/16)"
"302",11,"Tyler Loop",BAL,"K18","7","2 out of 5 stars","-98","-","-"
"303",11,"Ty Chandler",MIN,"RB90","6","3 out of 5 stars","-","-1.5","25% (4/16)"
"304",11,"Christian Watson",GB,"WR106","5","2 out of 5 stars","+46","-1.8","28% (4/14)"
"305",12,"Audric Estime",FA,"RB91","-","-","+56","-0.5","41% (5/12)"
"306",12,"Khalil Herbert",FA,"RB92","-","-","-","-1.7","15% (2/13)"
"307",12,"Taysom Hill",NO,"TE37","11","3 out of 5 stars","+24","+4.6","50% (4/8)"
"308",12,"Xavier Restrepo",TEN,"WR107","10","4 out of 5 stars","+33","-","-"
"309",12,"New England Patriots",NE,"DST20","14","4 out of 5 stars","-75","-1.3","25% (4/16)"
"310",12,"Noah Fant",CIN,"TE38","10","2 out of 5 stars","+50","-0.4","38% (5/13)"
"311",12,"Kimani Vidal",LAC,"RB93","12","2 out of 5 stars","-","-1.6","11% (1/9)"
"312",12,"Jermaine Burton",CIN,"WR108","10","3 out of 5 stars","-","-0.4","16% (2/12)"
"313",12,"Phil Mafah",DAL,"RB94","10","2 out of 5 stars","-","-","-"
"314",12,"Troy Franklin",DEN,"WR109","12","3 out of 5 stars","-52","-","-"
"315",12,"Zamir White",LV,"RB95","8","2 out of 5 stars","-","-4.3","12% (1/8)"
"316",12,"Ray-Ray McCloud III",ATL,"WR110","5","3 out of 5 stars","-19","-","-"
"317",12,"Arizona Cardinals",ARI,"DST21","8","4 out of 5 stars","-72","-1.3","37% (6/16)"
"318",12,"Sincere McCormick",FA,"RB96","-","-","-","-0.7","75% (3/4)"
"319",12,"Tez Johnson",TB,"WR111","9","3 out of 5 stars","-","-","-"
"320",12,"Tutu Atwell",LAR,"WR112","8","3 out of 5 stars","-","-","-"
"321",12,"Tyler Higbee",LAR,"TE39","8","4 out of 5 stars","-30","-","-"
"322",12,"Damien Martinez",SEA,"RB97","8","3 out of 5 stars","-","-","-"
"323",12,"Samaje Perine",CIN,"RB98","10","4 out of 5 stars","-","-","-"
"324",12,"Oronde Gadsden II",LAC,"TE40","12","3 out of 5 stars","+20","-","-"
"325",12,"Shedeur Sanders",CLE,"QB36","9","2 out of 5 stars","-132","-","-"
"326",12,"Raheim Sanders",CLE,"RB99","9","4 out of 5 stars","-","-","-"
"327",12,"Jason Myers",SEA,"K19","8","5 out of 5 stars","-","+0.7","56% (9/16)"
"328",12,"Ben Sinnott",WAS,"TE41","12","3 out of 5 stars","+26","-0.4","21% (3/14)"
"329",12,"A.J. Dillon",PHI,"RB100","9","3 out of 5 stars","-","-","-"
"330",12,"Josh Reynolds",NYJ,"WR113","9","4 out of 5 stars","-","-","-"
"331",12,"Tyler Conklin",LAC,"TE42","12","3 out of 5 stars","-41","-","-"
"332",12,"Will Dissly",LAC,"TE43","12","3 out of 5 stars","-","-0.1","42% (6/14)"
"333",12,"Jordan Whittington",LAR,"WR114","8","3 out of 5 stars","+19","-","-"
"334",12,"Noah Brown",WAS,"WR115","12","3 out of 5 stars","-","-","-"
"335",12,"KaVontae Turpin",DAL,"WR116","10","2 out of 5 stars","-","-","-"
"336",12,"Miami Dolphins",MIA,"DST22","12","2 out of 5 stars","-103","-1.9","31% (5/16)"
"337",12,"Jalen Milroe",SEA,"QB37","8","4 out of 5 stars","-8","-","-"
"338",12,"Gabe Davis",FA,"WR117","-","-","-","-3.3","10% (1/10)"
"339",12,"Zack Moss",FA,"RB101","-","-","-","-1.9","37% (3/8)"
"340",12,"New York Giants",NYG,"DST23","14","1 out of 5 stars","-127","-2.4","25% (4/16)"
"341",12,"Michael Mayer",LV,"TE44","8","2 out of 5 stars","-","-","-"
"342",12,"Cam Little",JAC,"K20","8","5 out of 5 stars","-152","+0.1","43% (7/16)"
"343",12,"Brandon McManus",GB,"K21","5","3 out of 5 stars","-111","+0.7","50% (5/10)"
"344",12,"KeAndre Lambert-Smith",LAC,"WR118","12","3 out of 5 stars","-","-","-"
"345",12,"Dawson Knox",BUF,"TE45","7","3 out of 5 stars","-","-","-"
"346",12,"Jaylin Lane",WAS,"WR119","12","3 out of 5 stars","-","-","-"
"347",12,"John Metchie III",PHI,"WR120","9","3 out of 5 stars","-","+0.5","33% (4/12)"
"348",12,"Demarcus Robinson",SF,"WR121","14","4 out of 5 stars","-","-0.3","31% (5/16)"
"349",12,"AJ Barner",SEA,"TE46","8","4 out of 5 stars","-","-","-"
"350",12,"Tai Felton",MIN,"WR122","6","2 out of 5 stars","-","-","-"
"351",12,"Isaiah Bond",CLE,"WR123","9","2 out of 5 stars","-28","-","-"
"352",12,"Marquez Valdes-Scantling",SF,"WR124","14","4 out of 5 stars","-","-","-"
"353",12,"Olamide Zaccheaus",CHI,"WR125","5","2 out of 5 stars","-59","-","-"
"354",12,"Jake Moody",SF,"K22","14","5 out of 5 stars","-111","+0.5","38% (5/13)"
"355",12,"Washington Commanders",WAS,"DST24","12","4 out of 5 stars","-145","-3.1","12% (2/16)"
"356",12,"Luke Musgrave",GB,"TE47","5","2 out of 5 stars","-","-","-"
"357",12,"Kalel Mullings",TEN,"RB102","10","2 out of 5 stars","-","-","-"
"358",12,"Chimere Dike",TEN,"WR126","10","4 out of 5 stars","-","-","-"
"359",12,"LeQuint Allen Jr.",JAC,"RB103","8","2 out of 5 stars","-","-","-"
"360",12,"Curtis Samuel",BUF,"WR127","7","3 out of 5 stars","-","-","-"
"361",12,"Savion Williams",GB,"WR128","5","2 out of 5 stars","-","-","-"
"362",12,"Kirk Cousins",ATL,"QB38","5","4 out of 5 stars","-92","-1.8","18% (3/16)"
"363",13,"Austin Hooper",NE,"TE48","14","3 out of 5 stars","-","-","-"
"364",13,"Gunnar Helm",TEN,"TE49","10","3 out of 5 stars","-","-","-"
"365",13,"Gus Edwards",FA,"RB104","-","-","-","-1.5","36% (4/11)"
"366",13,"Emari Demercado",ARI,"RB105","8","3 out of 5 stars","-","-","-"
"367",13,"Mack Hollins",NE,"WR129","14","3 out of 5 stars","-","-","-"
"368",13,"Jameis Winston",NYG,"QB39","14","1 out of 5 stars","-","+2.9","60% (6/10)"
"369",13,"Allen Lazard",NYJ,"WR130","9","4 out of 5 stars","-","-","-"
"370",13,"Zay Jones",ARI,"WR131","8","4 out of 5 stars","-","-","-"
"371",13,"Jahan Dotson",PHI,"WR132","9","3 out of 5 stars","-","-","-"
"372",13,"Justin Tucker",FA,"K23","-","-","-","+0.4","50% (8/16)"
"373",13,"Cam Akers",FA,"RB106","-","-","-","+0.6","43% (7/16)"
"374",13,"Greg Dortch",ARI,"WR133","8","4 out of 5 stars","-","-","-"
"375",13,"Van Jefferson",TEN,"WR134","10","4 out of 5 stars","-","-","-"
"376",13,"Cade Stover",HOU,"TE50","6","3 out of 5 stars","-","-","-"
"377",13,"Jimmy Garoppolo",LAR,"QB40","8","3 out of 5 stars","-","-","-"
"378",13,"Tommy Tremble",CAR,"TE51","14","4 out of 5 stars","-","-","-"
"379",13,"Dillon Gabriel",CLE,"QB41","9","2 out of 5 stars","-","-","-"
"380",13,"Foster Moreau",NO,"TE52","11","3 out of 5 stars","-","-","-"
"381",13,"Jamari Thrash",CLE,"WR135","9","2 out of 5 stars","-","-","-"
"382",13,"Josh Oliver",MIN,"TE53","6","3 out of 5 stars","-","-","-"
"383",13,"Luke Schoonmaker",DAL,"TE54","10","2 out of 5 stars","-","-","-"
"384",13,"JuJu Smith-Schuster",KC,"WR136","10","3 out of 5 stars","-","-","-"
"385",13,"Tyrod Taylor",NYJ,"QB42","9","5 out of 5 stars","-","-","-"
"386",13,"Indianapolis Colts",IND,"DST25","11","4 out of 5 stars","-47","-3.6","18% (3/16)"
"387",13,"Atlanta Falcons",ATL,"DST26","5","3 out of 5 stars","-","-2.5","18% (3/16)"
"388",13,"Tank Dell",HOU,"WR137","6","4 out of 5 stars","-","-2.0","28% (4/14)"
"389",13,"Kyle Juszczyk",SF,"RB107","14","3 out of 5 stars","-","-","-"
"390",13,"Jeremy McNichols",WAS,"RB108","12","2 out of 5 stars","-","-","-"
"391",13,"Jacob Cowing",SF,"WR138","14","4 out of 5 stars","-","-","-"
"392",13,"Craig Reynolds",DET,"RB109","8","2 out of 5 stars","-","-","-"
"393",13,"Hunter Renfrow",FA,"WR139","-","-","-","-","-"
"394",13,"Joe Milton III",DAL,"QB43","10","2 out of 5 stars","-","-","-"
"395",13,"Grant Calcaterra",PHI,"TE55","9","3 out of 5 stars","-","-","-"
"396",13,"Jeremy Ruckert",NYJ,"TE56","9","3 out of 5 stars","-","-","-"
"397",13,"Trey Sermon",PIT,"RB110","5","4 out of 5 stars","-","-0.6","37% (6/16)"
"398",13,"Efton Chism III",NE,"WR140","14","3 out of 5 stars","-","-","-"
"399",13,"Arian Smith",NYJ,"WR141","9","4 out of 5 stars","-","-","-"
"400",13,"Kenny Pickett",LV,"QB44","8","3 out of 5 stars","-","-","-"
"401",13,"Donovan Edwards",WAS,"RB111","12","2 out of 5 stars","-","-","-"
"402",13,"Cairo Santos",CHI,"K24","5","1 out of 5 stars","-","-0.8","31% (5/16)"
"403",13,"Antwane Wells Jr.",FA,"WR142","-","-","-","-","-"
"404",13,"Mitchell Evans",CAR,"TE57","14","4 out of 5 stars","-","-","-"
"405",13,"Cincinnati Bengals",CIN,"DST27","10","2 out of 5 stars","-152","-4.0","25% (4/16)"
"406",13,"Jordan Watkins",SF,"WR143","14","4 out of 5 stars","-","-","-"
"407",13,"Julius Chestnut",TEN,"RB112","10","2 out of 5 stars","-","-","-"
"408",13,"Chad Ryland",ARI,"K25","8","3 out of 5 stars","-","-","-"
"409",13,"Devontez Walker",BAL,"WR144","7","3 out of 5 stars","-","-","-"
"410",13,"Elijah Higgins",ARI,"TE58","8","5 out of 5 stars","-","-","-"
"411",13,"Theo Wease Jr.",MIA,"WR145","12","3 out of 5 stars","-","-","-"
"412",13,"Stone Smartt",NYJ,"TE59","9","3 out of 5 stars","-","-","-"
"413",13,"Darnell Washington",PIT,"TE60","5","3 out of 5 stars","-","-","-"
"414",13,"Tyler Goodson",IND,"RB113","11","2 out of 5 stars","-","-","-"
"415",13,"Jalin Hyatt",NYG,"WR146","14","2 out of 5 stars","-","-","-"
"416",13,"Dare Ogunbowale",HOU,"RB114","6","2 out of 5 stars","-","-","-"
"417",13,"Mason Rudolph",PIT,"QB45","5","4 out of 5 stars","-","-","-"
"418",13,"Jonathon Brooks",CAR,"RB115","14","3 out of 5 stars","-","-2.8","33% (1/3)"
"419",13,"Robert Woods",PIT,"WR147","5","4 out of 5 stars","-","-","-"
"420",13,"Eddy Pineiro",FA,"K26","-","-","-","-0.7","31% (5/16)"
"421",13,"Clyde Edwards-Helaire",FA,"RB116","-","-","-","-","-"
"422",13,"Malik Willis",GB,"QB46","5","2 out of 5 stars","-","-","-"
"423",13,"Jacksonville Jaguars",JAC,"DST28","8","4 out of 5 stars","-78","-2.4","25% (4/16)"
"424",13,"Xavier Hutchinson",HOU,"WR148","6","4 out of 5 stars","-","-","-"
"425",13,"George Holani",SEA,"RB117","8","3 out of 5 stars","-","-","-"
"426",13,"Ja'Quinden Jackson",JAC,"RB118","8","2 out of 5 stars","-","-","-"
"427",13,"Greg Dulcich",MIA,"TE61","12","3 out of 5 stars","-","-","-"
"428",13,"Kendrick Bourne",FA,"WR149","-","-","-","-","-"
"429",13,"Matt Prater",FA,"K27","-","-","-","+1.3","75% (3/4)"
"430",13,"Tyquan Thornton",KC,"WR150","10","3 out of 5 stars","-","-","-"
"431",13,"Las Vegas Raiders",LV,"DST29","8","4 out of 5 stars","-89","-2.0","31% (5/16)"
"432",13,"Marcus Mariota",WAS,"QB47","12","2 out of 5 stars","-","-","-"
"433",13,"Tennessee Titans",TEN,"DST30","10","5 out of 5 stars","-157","-3.4","25% (4/16)"
"434",13,"New Orleans Saints",NO,"DST31","11","4 out of 5 stars","-87","-1.1","37% (6/16)"
"435",13,"Blake Grupe",NO,"K28","11","5 out of 5 stars","-","+0.1","50% (8/16)"
"436",13,"Jimmy Horn Jr.",CAR,"WR151","14","4 out of 5 stars","-","-","-"
"437",14,"Pierre Strong Jr.",FA,"RB119","-","-","-","-","-"
"438",14,"Sam Howell",PHI,"QB48","9","3 out of 5 stars","-","-","-"
"439",14,"Jake Browning",CIN,"QB49","10","2 out of 5 stars","-","-","-"
"440",14,"Aidan O'Connell",LV,"QB50","8","3 out of 5 stars","-","-1.7","28% (2/7)"
"441",14,"Carolina Panthers",CAR,"DST32","14","3 out of 5 stars","-","-4.1","6% (1/16)"
"442",14,"KhaDarel Hodge",ATL,"WR152","5","3 out of 5 stars","-","-","-"
"443",14,"Alec Ingold",MIA,"RB120","12","4 out of 5 stars","-","-","-"
"444",14,"Tyler Badie",DEN,"RB121","12","2 out of 5 stars","-","-","-"
"445",14,"Hassan Haskins",LAC,"RB122","12","2 out of 5 stars","-","-","-"
"446",14,"Spencer Shrader",IND,"K29","11","5 out of 5 stars","-","-","-"
"447",14,"Kalif Raymond",DET,"WR153","8","3 out of 5 stars","-","-","-"
"448",14,"D'Ernest Johnson",FA,"RB123","-","-","-","-0.2","50% (6/12)"
"449",14,"Malachi Corley",CLE,"WR154","9","2 out of 5 stars","-","-","-"
"450",14,"Zach Wilson",MIA,"QB51","12","5 out of 5 stars","-","-","-"
"451",14,"Jake Bobo",SEA,"WR155","8","3 out of 5 stars","-","-","-"
"452",14,"Skyy Moore",SF,"WR156","14","4 out of 5 stars","-","-","-"
"453",14,"Cooper Rush",BAL,"QB52","7","3 out of 5 stars","-","-","-"
"454",14,"Graham Gano",NYG,"K30","14","0 out of 5 stars","-","-1.3","33% (3/9)"
"455",14,"Sterling Shepard",TB,"WR157","9","3 out of 5 stars","-","-","-"
"456",14,"Gardner Minshew II",KC,"QB53","10","3 out of 5 stars","-","-","-"
"457",14,"Andy Borregales",NE,"K31","14","4 out of 5 stars","-","-","-"
"458",14,"Cordarrelle Patterson",FA,"RB124","-","-","-","-","-"
"459",14,"Tyler Johnson",FA,"WR158","-","-","-","-","-"
"460",14,"Jacoby Brissett",ARI,"QB54","8","4 out of 5 stars","-","-","-"
"461",14,"Casey Washington",ATL,"WR159","5","3 out of 5 stars","-","-","-"
"462",14,"Tanner McKee",PHI,"QB55","9","3 out of 5 stars","-","-","-"
"463",14,"Tanner Hudson",CIN,"TE62","10","2 out of 5 stars","-","-","-"
"464",14,"Luke Farrell",SF,"TE63","14","3 out of 5 stars","-","-","-"
"465",14,"Jonathan Mingo",DAL,"WR160","10","2 out of 5 stars","-","-","-"
"466",14,"Adam Trautman",DEN,"TE64","12","3 out of 5 stars","-","-","-"
"467",14,"K.J. Osborn",FA,"WR161","-","-","-","-","-"
"468",14,"Daniel Bellinger",NYG,"TE65","14","2 out of 5 stars","-","-","-"
"469",14,"Charlie Woerner",ATL,"TE66","5","3 out of 5 stars","-","-","-"
"470",14,"Tyson Bagent",CHI,"QB56","5","2 out of 5 stars","-","-","-"
"471",14,"Carson Steele",KC,"RB125","10","2 out of 5 stars","-","-","-"
"472",14,"Drew Lock",SEA,"QB57","8","4 out of 5 stars","-","-","-"
"473",14,"Michael Carter",ARI,"RB126","8","3 out of 5 stars","-","-","-"
"474",14,"Sione Vaki",DET,"RB127","8","2 out of 5 stars","-","-","-"
"475",14,"Julian Hill",MIA,"TE67","12","3 out of 5 stars","-","-","-"
"476",14,"Colby Parkinson",LAR,"TE68","8","4 out of 5 stars","-","-","-"
"477",14,"Andy Dalton",CAR,"QB58","14","3 out of 5 stars","-","-","-"
"478",14,"John Bates",WAS,"TE69","12","3 out of 5 stars","-","-","-"
"479",14,"Javon Baker",NE,"WR162","14","3 out of 5 stars","-","-","-"
"480",14,"Michael Gallup",FA,"WR163","-","-","-","-","-"
"481",14,"Deshaun Watson",CLE,"QB59","9","2 out of 5 stars","-","-","-"
"482",14,"Kyle Trask",FA,"QB60","-","-","-","-","-"
"483",14,"Charlie Kolar",BAL,"TE70","7","3 out of 5 stars","-","-","-"
"484",14,"Matthew Wright",FA,"K32","-","-","-","-","-"
"485",14,"Mitchell Tinsley",CIN,"WR164","10","3 out of 5 stars","-","-","-"
"486",14,"Rasheen Ali",BAL,"RB128","7","4 out of 5 stars","-","-","-"
"487",14,"Harrison Bryant",HOU,"TE71","6","3 out of 5 stars","-","-","-"
"488",14,"Payne Durham",TB,"TE72","9","3 out of 5 stars","-","-","-"
"489",14,"Chris Tyree",NO,"RB129","11","4 out of 5 stars","-","-","-"
"490",14,"Derius Davis",LAC,"WR165","12","3 out of 5 stars","-","-","-"
"491",14,"Carlos Washington Jr.",ATL,"RB130","5","4 out of 5 stars","-189","-","-"
"492",14,"Mac Jones",SF,"QB61","14","4 out of 5 stars","-","-","-"
"493",14,"Brock Wright",DET,"TE73","8","3 out of 5 stars","-","-","-"
"494",14,"Joey Slye",TEN,"K33","10","3 out of 5 stars","-","-","-"
"495",14,"Jarrett Stidham",DEN,"QB62","12","4 out of 5 stars","-","-","-"
"496",14,"Johnny Mundt",JAC,"TE74","8","3 out of 5 stars","-","-","-"
"497",14,"Thomas Fidone II",NYG,"TE75","14","2 out of 5 stars","-","-","-"
"498",14,"Hendon Hooker",CAR,"QB63","14","3 out of 5 stars","-","-","-"
"499",14,"Jake Haener",NO,"QB64","11","5 out of 5 stars","-","-","-"
"500",14,"Robert Tonyan",KC,"TE76","10","3 out of 5 stars","-","-","-"
"501",14,"Zavier Scott",MIN,"WR166","6","2 out of 5 stars","-","-","-"
"502",14,"Nick Mullens",JAC,"QB65","8","3 out of 5 stars","-","-","-"
"503",14,"Joshua Dobbs",NE,"QB66","14","5 out of 5 stars","-","-","-"
"504",14,"Marcus Yarns",FA,"RB131","-","-","-","-","-"
"505",14,"Lucky Jackson",MIN,"WR167","6","2 out of 5 stars","-","-","-"
"506",14,"Quinn Ewers",MIA,"QB67","12","5 out of 5 stars","-","-","-"
"507",14,"Will Howard",PIT,"QB68","5","4 out of 5 stars","-","-","-"
"508",14,"David Moore",CAR,"WR168","14","4 out of 5 stars","-171","-","-"
"509",14,"Hunter Long",JAC,"TE77","8","3 out of 5 stars","-","-","-"
"510",14,"Trent Sherfield Sr.",DEN,"WR169","12","3 out of 5 stars","-","-","-"
"511",14,"Trey Lance",LAC,"QB69","12","3 out of 5 stars","-","-","-"
"512",14,"Tyrell Shavers",BUF,"WR170","7","3 out of 5 stars","-","-","-"
"513",14,"Scotty Miller",PIT,"WR171","5","4 out of 5 stars","-","-","-"
"514",14,"Drew Sample",CIN,"TE78","10","2 out of 5 stars","-","-","-"
"515",14,"Andrew Beck",NYJ,"TE79","9","3 out of 5 stars","-","-","-"
"516",14,"Ezekiel Elliott",FA,"RB132","-","-","-","-","-"
"517",14,"Ian Thomas",LV,"TE80","8","2 out of 5 stars","-","-","-"
"518",14,"C.J. Ham",MIN,"RB133","6","3 out of 5 stars","-","-","-"
"519",14,"Josh Whyle",FA,"TE81","-","-","-","-","-"
"520",14,"DeeJay Dallas",FA,"RB134","-","-","-","-","-"
"521",14,"Hunter Luepke",DAL,"RB135","10","2 out of 5 stars","-","-","-"
"522",14,"Corey Kiner",SF,"RB136","14","3 out of 5 stars","-","-","-"
"523",14,"Eric Gray",NYG,"RB137","14","3 out of 5 stars","-","-","-"
"524",14,"Nick Nash",ATL,"WR172","5","3 out of 5 stars","-","-","-"
"525",14,"Bub Means",NO,"WR173","11","4 out of 5 stars","-","-","-"
"526",14,"Dylan Laube",LV,"RB138","8","2 out of 5 stars","-","-","-"
"527",14,"Konata Mumpfield",LAR,"WR174","8","3 out of 5 stars","-","-","-"
"528",14,"Tommy Mellott",FA,"WR175","-","-","-","-","-"
"529",15,"Ashton Dulin",IND,"WR176","11","4 out of 5 stars","-","-","-"
"530",15,"Russell Gage Jr.",FA,"WR177","-","-","-","-","-"
"531",15,"Jeff Wilson Jr.",FA,"RB139","-","-","-","-","-"
"532",15,"Mitchell Trubisky",BUF,"QB70","7","4 out of 5 stars","-","-","-"
"533",15,"Patrick Ricard",BAL,"RB140","7","4 out of 5 stars","-","-","-"
"534",15,"David Bell",CLE,"WR178","9","2 out of 5 stars","-","-","-"
"535",15,"DJ Chark Jr.",FA,"WR179","-","-","-","-","-"
"536",15,"Carson Wentz",MIN,"QB71","6","2 out of 5 stars","-","-","-"
"537",15,"Kyle Allen",DET,"QB72","8","2 out of 5 stars","-","-","-"
"538",15,"Beaux Collins",NYG,"WR180","14","2 out of 5 stars","-","-","-"
"539",15,"Kene Nwangwu",NYJ,"RB141","9","5 out of 5 stars","-","-","-"
"540",15,"Tylan Wallace",BAL,"WR181","7","3 out of 5 stars","-","-","-"
"541",15,"Mo Alie-Cox",IND,"TE82","11","3 out of 5 stars","-","-","-"
"542",15,"Davis Mills",HOU,"QB73","6","3 out of 5 stars","-","-","-"
"543",15,"Robbie Ouzts",SEA,"TE83","8","4 out of 5 stars","-","-","-"
"544",15,"Dalvin Cook",FA,"RB142","-","-","-","-","-"
"545",15,"Charlie Jones",CIN,"WR182","10","3 out of 5 stars","-","-","-"
"546",15,"Simi Fehoko",ARI,"WR183","8","4 out of 5 stars","-","-","-"
"547",15,"John Stephens Jr.",FA,"WR184","-","-","-","-","-"
"548",15,"Ben Skowronek",PIT,"WR185","5","4 out of 5 stars","-","-","-"
"549",15,"Taylor Heinicke",FA,"QB74","-","-","-","-","-"
"550",15,"Jalen Brooks",DAL,"WR186","10","2 out of 5 stars","-","-","-"
"551",15,"Ross Dwelley",FA,"TE84","-","-","-","-","-"
"552",15,"Travis Homer",CHI,"RB143","5","3 out of 5 stars","-","-","-"
"553",15,"Lucas Krull",DEN,"TE85","12","3 out of 5 stars","-","-","-"
"554",15,"Ricky White III",SEA,"WR187","8","3 out of 5 stars","-","-","-"
"555",15,"Michael Bennett",FA,"WR188","-","-","-","-","-"
"556",15,"Brevyn Spann-Ford",DAL,"TE86","10","2 out of 5 stars","-","-","-"
"557",15,"Michael Burton",DEN,"RB144","12","2 out of 5 stars","-","-","-"
"558",15,"Durham Smythe",CHI,"TE87","5","4 out of 5 stars","-","-","-"
"559",15,"Terrace Marshall Jr.",PHI,"WR189","9","3 out of 5 stars","-","-","-"
"560",15,"Jackson Hawes",BUF,"TE88","7","3 out of 5 stars","-","-","-"
"561",15,"Frank Gore Jr.",BUF,"RB145","7","4 out of 5 stars","-","-","-"
"562",15,"Jelani Woods",NYJ,"TE89","9","3 out of 5 stars","-","-","-"
"563",15,"Jared Wiley",KC,"TE90","10","3 out of 5 stars","-","-","-"
"564",15,"Luke Lachey",FA,"TE91","-","-","-","-","-"
"565",15,"Cole Turner",FA,"TE92","-","-","-","-","-"
"566",15,"Michael Woods II",FA,"WR190","-","-","-","-","-"
"567",15,"Troy Hairston II",FA,"RB146","-","-","-","-","-"
"568",15,"Ainias Smith",CAR,"WR191","14","4 out of 5 stars","-","-","-"
"569",15,"Eric Saubert",SEA,"TE93","8","4 out of 5 stars","-","-","-"
"570",15,"Teagan Quitoriano",ATL,"TE94","5","3 out of 5 stars","-","-","-"
"571",15,"Keaontay Ingram",KC,"RB147","10","2 out of 5 stars","-","-","-"
"572",15,"Deuce Vaughn",FA,"RB148","-","-","-","-","-"
"573",16,"Kylen Granson",PHI,"TE95","9","3 out of 5 stars","-","-","-"
"574",16,"Velus Jones Jr.",NO,"WR192","11","4 out of 5 stars","-","-","-"
"575",16,"Pharaoh Brown",FA,"TE96","-","-","-","-","-"
"576",16,"DeAndre Carter",CLE,"WR193","9","2 out of 5 stars","-","-","-"
"577",16,"Israel Abanikanda",GB,"RB149","5","4 out of 5 stars","-","-","-"
"578",16,"Jawhar Jordan",HOU,"RB150","6","2 out of 5 stars","-","-","-"
"579",16,"Ronnie Rivers",LAR,"RB151","8","3 out of 5 stars","-","-","-"
"580",16,"Tim Jones",MIN,"WR194","6","2 out of 5 stars","-","-","-"
"581",16,"Jakob Johnson",ATL,"RB152","5","4 out of 5 stars","-","-","-"
"582",16,"Bo Melton",GB,"WR195","5","2 out of 5 stars","-","-","-"